<?xml version="1.0" encoding="UTF-8"?>
<CalibInfo>
    <CalibInputParam>
        <CalibParam ParamName="CreateCalibTime" DataType="string">
            <ParamValue>2023-09-27 15:59:05</ParamValue>
        </CalibParam>
        <CalibParam ParamName="CalibType" DataType="string">
            <ParamValue>NPointCalib</ParamValue>
        </CalibParam>
        <CalibParam ParamName="TransNum" DataType="int">
            <ParamValue>9</ParamValue>
        </CalibParam>
        <CalibParam ParamName="RotNum" DataType="int">
            <ParamValue>0</ParamValue>
        </CalibParam>
        <CalibParam ParamName="CalibErrStatus" DataType="int">
            <ParamValue>0</ParamValue>
        </CalibParam>
        <CalibParam ParamName="TransError" DataType="float">
            <ParamValue>1.1299695</ParamValue>
        </CalibParam>
        <CalibParam ParamName="RotError" DataType="float">
            <ParamValue>-999</ParamValue>
        </CalibParam>
        <CalibParam ParamName="TransWorldError" DataType="float">
            <ParamValue>0.036808543</ParamValue>
        </CalibParam>
        <CalibParam ParamName="RotWorldError" DataType="float">
            <ParamValue>-999</ParamValue>
        </CalibParam>
        <CalibParam ParamName="PixelPrecisionX" DataType="float">
            <ParamValue>0.028841231</ParamValue>
        </CalibParam>
        <CalibParam ParamName="PixelPrecisionY" DataType="float">
            <ParamValue>0.036307428</ParamValue>
        </CalibParam>
        <CalibParam ParamName="PixelPrecision" DataType="float">
            <ParamValue>0.03257481</ParamValue>
        </CalibParam>
        <CalibPointFListParam ParamName="ImagePointLst" DataType="CalibPointList">
            <PointF>
                <X>1222</X>
                <Y>1052.5</Y>
                <R>0</R>
            </PointF>
            <PointF>
                <X>1382</X>
                <Y>1050.8</Y>
                <R>0</R>
            </PointF>
            <PointF>
                <X>1548.9</X>
                <Y>1048</Y>
                <R>0</R>
            </PointF>
            <PointF>
                <X>1551.6</X>
                <Y>1180.8</Y>
                <R>0</R>
            </PointF>
            <PointF>
                <X>1389.4</X>
                <Y>1183.4</Y>
                <R>0</R>
            </PointF>
            <PointF>
                <X>1225.4</X>
                <Y>1186.9</Y>
                <R>0</R>
            </PointF>
            <PointF>
                <X>1227.4</X>
                <Y>1320.3</Y>
                <R>0</R>
            </PointF>
            <PointF>
                <X>1388.3</X>
                <Y>1317</Y>
                <R>0</R>
            </PointF>
            <PointF>
                <X>1555.6</X>
                <Y>1313.4</Y>
                <R>0</R>
            </PointF>
        </CalibPointFListParam>
        <CalibPointFListParam ParamName="WorldPointLst" DataType="CalibPointList">
            <PointF>
                <X>-26</X>
                <Y>-30</Y>
                <R>0</R>
            </PointF>
            <PointF>
                <X>-31</X>
                <Y>-30</Y>
                <R>0</R>
            </PointF>
            <PointF>
                <X>-36</X>
                <Y>-30</Y>
                <R>0</R>
            </PointF>
            <PointF>
                <X>-36</X>
                <Y>-35</Y>
                <R>0</R>
            </PointF>
            <PointF>
                <X>-31</X>
                <Y>-35</Y>
                <R>0</R>
            </PointF>
            <PointF>
                <X>-26</X>
                <Y>-35</Y>
                <R>0</R>
            </PointF>
            <PointF>
                <X>-26</X>
                <Y>-40</Y>
                <R>0</R>
            </PointF>
            <PointF>
                <X>-31</X>
                <Y>-40</Y>
                <R>0</R>
            </PointF>
            <PointF>
                <X>-36</X>
                <Y>-40</Y>
                <R>0</R>
            </PointF>
        </CalibPointFListParam>
    </CalibInputParam>
    <CalibOutputParam>
        <CalibParam ParamName="RotDirectionState" DataType="int">
            <ParamValue>-999</ParamValue>
        </CalibParam>
        <CalibParam ParamName="IsRightCoorA" DataType="int">
            <ParamValue>-1</ParamValue>
        </CalibParam>
        <PointF ParamName="RotCenterImagePoint" DataType="CalibPointF">
            <RotCenterImagePointX>0</RotCenterImagePointX>
            <RotCenterImagePointY>0</RotCenterImagePointY>
            <RotCenterImageR>-999</RotCenterImageR>
        </PointF>
        <PointF ParamName="RotCenterWorldPoint" DataType="CalibPointF">
            <RotCenterWorldPointX>0</RotCenterWorldPointX>
            <RotCenterWorldPointY>0</RotCenterWorldPointY>
            <RotCenterWorldR>-999</RotCenterWorldR>
        </PointF>
        <CalibFloatListParam ParamName="CalibMatrix" DataType="FloatList">
            <ParamValue>-0.028840344</ParamValue>
            <ParamValue>0.00056797115</ParamValue>
            <ParamValue>9.3857307</ParamValue>
            <ParamValue>0.00022605999</ParamValue>
            <ParamValue>-0.036302984</ParamValue>
            <ParamValue>8.7871943</ParamValue>
            <ParamValue>-2.4178211e-005</ParamValue>
            <ParamValue>1.0078179e-006</ParamValue>
            <ParamValue>1</ParamValue>
        </CalibFloatListParam>
    </CalibOutputParam>
</CalibInfo>
