<?xml version="1.0" encoding="UTF-8"?>
<CalibInfo>
    <CalibInputParam>
        <CalibParam ParamName="CreateCalibTime" DataType="string">
            <ParamValue>2023-09-27 16:02:48</ParamValue>
        </CalibParam>
        <CalibParam ParamName="CalibType" DataType="string">
            <ParamValue>NPointCalib</ParamValue>
        </CalibParam>
        <CalibParam ParamName="TransNum" DataType="int">
            <ParamValue>9</ParamValue>
        </CalibParam>
        <CalibParam ParamName="RotNum" DataType="int">
            <ParamValue>0</ParamValue>
        </CalibParam>
        <CalibParam ParamName="CalibErrStatus" DataType="int">
            <ParamValue>0</ParamValue>
        </CalibParam>
        <CalibParam ParamName="TransError" DataType="float">
            <ParamValue>0.93448329</ParamValue>
        </CalibParam>
        <CalibParam ParamName="RotError" DataType="float">
            <ParamValue>-999</ParamValue>
        </CalibParam>
        <CalibParam ParamName="TransWorldError" DataType="float">
            <ParamValue>0.030780878</ParamValue>
        </CalibParam>
        <CalibParam ParamName="RotWorldError" DataType="float">
            <ParamValue>-999</ParamValue>
        </CalibParam>
        <CalibParam ParamName="PixelPrecisionX" DataType="float">
            <ParamValue>0.029485153</ParamValue>
        </CalibParam>
        <CalibParam ParamName="PixelPrecisionY" DataType="float">
            <ParamValue>0.036408823</ParamValue>
        </CalibParam>
        <CalibParam ParamName="PixelPrecision" DataType="float">
            <ParamValue>0.032938927</ParamValue>
        </CalibParam>
        <CalibPointFListParam ParamName="ImagePointLst" DataType="CalibPointList">
            <PointF>
                <X>1323.5</X>
                <Y>946</Y>
                <R>0</R>
            </PointF>
            <PointF>
                <X>1159.4</X>
                <Y>961.20001</Y>
                <R>0</R>
            </PointF>
            <PointF>
                <X>988</X>
                <Y>978</Y>
                <R>0</R>
            </PointF>
            <PointF>
                <X>974.70001</X>
                <Y>841.79999</Y>
                <R>0</R>
            </PointF>
            <PointF>
                <X>1141.6</X>
                <Y>825.79999</Y>
                <R>0</R>
            </PointF>
            <PointF>
                <X>1309.8</X>
                <Y>809.79999</Y>
                <R>0</R>
            </PointF>
            <PointF>
                <X>1296.4</X>
                <Y>673.40002</Y>
                <R>0</R>
            </PointF>
            <PointF>
                <X>1131.7</X>
                <Y>689.09998</Y>
                <R>0</R>
            </PointF>
            <PointF>
                <X>960.09998</X>
                <Y>705.40002</Y>
                <R>0</R>
            </PointF>
        </CalibPointFListParam>
        <CalibPointFListParam ParamName="WorldPointLst" DataType="CalibPointList">
            <PointF>
                <X>-26</X>
                <Y>-30</Y>
                <R>0</R>
            </PointF>
            <PointF>
                <X>-31</X>
                <Y>-30</Y>
                <R>0</R>
            </PointF>
            <PointF>
                <X>-36</X>
                <Y>-30</Y>
                <R>0</R>
            </PointF>
            <PointF>
                <X>-36</X>
                <Y>-35</Y>
                <R>0</R>
            </PointF>
            <PointF>
                <X>-31</X>
                <Y>-35</Y>
                <R>0</R>
            </PointF>
            <PointF>
                <X>-26</X>
                <Y>-35</Y>
                <R>0</R>
            </PointF>
            <PointF>
                <X>-26</X>
                <Y>-40</Y>
                <R>0</R>
            </PointF>
            <PointF>
                <X>-31</X>
                <Y>-40</Y>
                <R>0</R>
            </PointF>
            <PointF>
                <X>-36</X>
                <Y>-40</Y>
                <R>0</R>
            </PointF>
        </CalibPointFListParam>
    </CalibInputParam>
    <CalibOutputParam>
        <CalibParam ParamName="RotDirectionState" DataType="int">
            <ParamValue>-999</ParamValue>
        </CalibParam>
        <CalibParam ParamName="IsRightCoorA" DataType="int">
            <ParamValue>-1</ParamValue>
        </CalibParam>
        <PointF ParamName="RotCenterImagePoint" DataType="CalibPointF">
            <RotCenterImagePointX>0</RotCenterImagePointX>
            <RotCenterImagePointY>0</RotCenterImagePointY>
            <RotCenterImageR>-999</RotCenterImageR>
        </PointF>
        <PointF ParamName="RotCenterWorldPoint" DataType="CalibPointF">
            <RotCenterWorldPointX>0</RotCenterWorldPointX>
            <RotCenterWorldPointY>0</RotCenterWorldPointY>
            <RotCenterWorldR>-999</RotCenterWorldR>
        </PointF>
        <CalibFloatListParam ParamName="CalibMatrix" DataType="FloatList">
            <ParamValue>0.029278155</ParamValue>
            <ParamValue>-0.0026876414</ParamValue>
            <ParamValue>-61.944443</ParamValue>
            <ParamValue>0.0034876799</ParamValue>
            <ParamValue>0.036309488</ParamValue>
            <ParamValue>-68.661629</ParamValue>
            <ParamValue>-1.6186692e-006</ParamValue>
            <ParamValue>-8.4153535e-006</ParamValue>
            <ParamValue>1</ParamValue>
        </CalibFloatListParam>
    </CalibOutputParam>
</CalibInfo>
